{"assets/images/png/app_logo.jpg":["assets/images/png/app_logo.jpg"],"assets/images/png/app_logo.png":["assets/images/png/app_logo.png"],"assets/images/png/blue_circle.png":["assets/images/png/blue_circle.png"],"assets/images/png/currency_icon.png":["assets/images/png/currency_icon.png"],"assets/images/png/dollarx_logo.png":["assets/images/png/dollarx_logo.png"],"assets/images/png/dummy_sliders.png":["assets/images/png/dummy_sliders.png"],"assets/images/png/history.png":["assets/images/png/history.png"],"assets/images/png/ic_arrow_forward.png":["assets/images/png/ic_arrow_forward.png"],"assets/images/png/ic_available_balance.png":["assets/images/png/ic_available_balance.png"],"assets/images/png/ic_available_bonus.png":["assets/images/png/ic_available_bonus.png"],"assets/images/png/ic_available_profit.png":["assets/images/png/ic_available_profit.png"],"assets/images/png/ic_back_arrow.png":["assets/images/png/ic_back_arrow.png"],"assets/images/png/ic_bitcoin.png":["assets/images/png/ic_bitcoin.png"],"assets/images/png/ic_bitcoin_yellow.png":["assets/images/png/ic_bitcoin_yellow.png"],"assets/images/png/ic_copy.png":["assets/images/png/ic_copy.png"],"assets/images/png/ic_delete.png":["assets/images/png/ic_delete.png"],"assets/images/png/ic_deposit.png":["assets/images/png/ic_deposit.png"],"assets/images/png/ic_document.png":["assets/images/png/ic_document.png"],"assets/images/png/ic_drop_down.png":["assets/images/png/ic_drop_down.png"],"assets/images/png/ic_drop_down_black.png":["assets/images/png/ic_drop_down_black.png"],"assets/images/png/ic_drop_down_yellow.png":["assets/images/png/ic_drop_down_yellow.png"],"assets/images/png/ic_edit.png":["assets/images/png/ic_edit.png"],"assets/images/png/ic_eth.png":["assets/images/png/ic_eth.png"],"assets/images/png/ic_home.png":["assets/images/png/ic_home.png"],"assets/images/png/ic_investment.png":["assets/images/png/ic_investment.png"],"assets/images/png/ic_investment_yellow.png":["assets/images/png/ic_investment_yellow.png"],"assets/images/png/ic_language.png":["assets/images/png/ic_language.png"],"assets/images/png/ic_notifications.png":["assets/images/png/ic_notifications.png"],"assets/images/png/ic_parent_id.png":["assets/images/png/ic_parent_id.png"],"assets/images/png/ic_privacy_policy.png":["assets/images/png/ic_privacy_policy.png"],"assets/images/png/ic_profile.png":["assets/images/png/ic_profile.png"],"assets/images/png/ic_profilt_loss.png":["assets/images/png/ic_profilt_loss.png"],"assets/images/png/ic_profit_yellow.png":["assets/images/png/ic_profit_yellow.png"],"assets/images/png/ic_referral_id.png":["assets/images/png/ic_referral_id.png"],"assets/images/png/ic_referrals.png":["assets/images/png/ic_referrals.png"],"assets/images/png/ic_referrals_bonus.png":["assets/images/png/ic_referrals_bonus.png"],"assets/images/png/ic_referrals_investment.png":["assets/images/png/ic_referrals_investment.png"],"assets/images/png/ic_scan.png":["assets/images/png/ic_scan.png"],"assets/images/png/ic_term_conditions.png":["assets/images/png/ic_term_conditions.png"],"assets/images/png/ic_trade.png":["assets/images/png/ic_trade.png"],"assets/images/png/ic_upload_image.png":["assets/images/png/ic_upload_image.png"],"assets/images/png/ic_usdt.png":["assets/images/png/ic_usdt.png"],"assets/images/png/ic_usdt_green.png":["assets/images/png/ic_usdt_green.png"],"assets/images/png/ic_ustd_black.png":["assets/images/png/ic_ustd_black.png"],"assets/images/png/ic_wallet.png":["assets/images/png/ic_wallet.png"],"assets/images/png/ic_withdraw_yellow.png":["assets/images/png/ic_withdraw_yellow.png"],"assets/images/png/img.png":["assets/images/png/img.png"],"assets/images/png/kyc_verification.png":["assets/images/png/kyc_verification.png"],"assets/images/png/logout.png":["assets/images/png/logout.png"],"assets/images/png/placeholder.jpg":["assets/images/png/placeholder.jpg"],"assets/images/png/settings.png":["assets/images/png/settings.png"],"assets/images/png/slider_placeholder.png":["assets/images/png/slider_placeholder.png"],"assets/images/png/support.png":["assets/images/png/support.png"],"assets/images/png/ustd_barcode.png":["assets/images/png/ustd_barcode.png"],"assets/images/svg/ic_alert.svg":["assets/images/svg/ic_alert.svg"],"assets/images/svg/ic_back.svg":["assets/images/svg/ic_back.svg"],"assets/images/svg/ic_deposit.svg":["assets/images/svg/ic_deposit.svg"],"assets/images/svg/ic_dollarx_logo.svg":["assets/images/svg/ic_dollarx_logo.svg"],"assets/images/svg/ic_drop_down.svg":["assets/images/svg/ic_drop_down.svg"],"assets/images/svg/ic_dummy_banner.svg":["assets/images/svg/ic_dummy_banner.svg"],"assets/images/svg/ic_notifications.svg":["assets/images/svg/ic_notifications.svg"],"assets/images/svg/ic_profit_loss.svg":["assets/images/svg/ic_profit_loss.svg"],"assets/images/svg/ic_scan.svg":["assets/images/svg/ic_scan.svg"],"packages/cupertino_icons/assets/CupertinoIcons.ttf":["packages/cupertino_icons/assets/CupertinoIcons.ttf"],"packages/flutter_image_compress_web/assets/pica.min.js":["packages/flutter_image_compress_web/assets/pica.min.js"],"packages/fluttertoast/assets/toastify.css":["packages/fluttertoast/assets/toastify.css"],"packages/fluttertoast/assets/toastify.js":["packages/fluttertoast/assets/toastify.js"]}